cell,moleculecnt,barcode_moleculecnt,barcodes,barcodereads_split,barcodecnt,readcnt,lineage
bc068,1486,39,CTGTGCGAGGTGCG,[39],1,27244,3
bc121,1723,51,"CTCGCAAGTTACGG,CTGTGCGAGGTGCG",[26 25],2,9465,3
bc048,659,324,CTGTGCGAGGTGCG,[324],1,42450,3
bc074,172,130,CTCGCAAGTTACGG,[130],1,21733,3
bc114,66,46,CTCGCAAGTTACGG,[46],1,10423,3
bc033,1231,364,CTGTGCGAGGTGCG,[364],1,54759,3
bc038,840,291,CTGTGCGAGGTGCG,[291],1,52468,3
bc017,1431,499,CTGTGCGAGGTGCG,[499],1,97161,3
bc140,1222,33,"CTGTGCGAGGTGCG,CTCGCAAGTTACGG",[18 15],2,8293,3
bc010,1632,915,CTCGCAAGTTACGG,[915],1,135945,3
bc079,675,168,CTCGCAAGTTACGG,[168],1,20345,3
bc120,1702,53,"CTCGCAAGTTACGG,CTGTGCGAGGTGCG",[32 21],2,9604,3
bc057,739,213,CTGTGCGAGGTGCG,[213],1,32204,3
bc067,300,152,CTGTGCGAGGTGCG,[152],1,27363,3
bc060,482,145,CTGTGCGAGGTGCG,[145],1,30543,3
bc066,897,217,CTCGCAAGTTACGG,[217],1,28028,3
bc095,1541,260,CTCGCAAGTTACGG,[260],1,15700,3
bc069,1022,267,CTCGCAAGTTACGG,[267],1,27090,3
bc020,1861,542,CTGTGCGAGGTGCG,[542],1,85070,3
bc102,2355,46,"CTCGCAAGTTACGG,CTGTGCGAGGTGCG",[25 21],2,12455,3
bc008,2115,852,CTGTGCGAGGTGCG,[852],1,154583,3
bc128,112,49,CTCGCAAGTTACGG,[49],1,8971,3
bc077,100,91,GGTTGGGTGATGTT,[91],1,20748,2
bc097,126,35,CTGTGCGAGGTGCG,[35],1,14578,3
bc111,99,41,CTCGCAAGTTACGG,[41],1,10510,3
bc138,72,56,CTCGCAAGTTACGG,[56],1,8493,3
bc002,1839,591,CTGTGCGAGGTGCG,[591],1,219257,3
bc143,1245,30,"CTGTGCGAGGTGCG,CTCGCAAGTTACGG",[16 14],2,8055,3
bc080,149,98,CTGTGCGAGGTGCG,[98],1,19775,3
bc003,1464,855,CTGTGCGAGGTGCG,[855],1,201227,3
bc126,85,67,CTCGCAAGTTACGG,[67],1,9278,3
bc076,499,203,CTCGCAAGTTACGG,[203],1,20765,3
bc046,1135,235,TTAATGAAAGATGC,[235],1,44885,0
bc127,1424,44,"CTCGCAAGTTACGG,CTGTGCGAGGTGCG",[23 21],2,9260,3
bc012,1468,868,CTCGCAAGTTACGG,[868],1,132484,3
bc110,273,113,CTCGCAAGTTACGG,[113],1,10910,3
bc116,1948,50,"CTGTGCGAGGTGCG,CTCGCAAGTTACGG",[29 21],2,10154,3
bc119,1956,36,"CTGTGCGAGGTGCG,CTCGCAAGTTACGG",[18 18],2,9632,3
bc019,1111,403,CTGTGCGAGGTGCG,[403],1,88921,3
bc107,144,112,CTCGCAAGTTACGG,[112],1,11350,3
bc084,538,148,CTCGCAAGTTACGG,[148],1,18595,3
bc081,630,150,CTCGCAAGTTACGG,[150],1,19755,3
bc118,226,94,CTGTGCGAGGTGCG,[94],1,9928,3
bc123,2214,35,"CTGTGCGAGGTGCG,CTCGCAAGTTACGG",[18 17],2,9413,3
bc113,83,55,CTCGCAAGTTACGG,[55],1,10458,3
bc091,103,81,CTGTGCGAGGTGCG,[81],1,16192,3
bc059,298,140,CTCGCAAGTTACGG,[140],1,31204,3
bc039,1300,263,CTCGCAAGTTACGG,[263],1,52137,3
bc135,1693,49,"CTGTGCGAGGTGCG,CTCGCAAGTTACGG",[26 23],2,8612,3
bc106,1418,183,CTCGCAAGTTACGG,[183],1,11352,3
bc136,326,101,CTCGCAAGTTACGG,[101],1,8599,3
bc071,451,166,CTCGCAAGTTACGG,[166],1,24818,3
bc001,1786,899,CTGTGCGAGGTGCG,[899],1,258944,3
bc006,3067,826,CTGTGCGAGGTGCG,[826],1,162345,3
bc034,2656,574,CTCGCAAGTTACGG,[574],1,54624,3
bc047,575,350,CTCGCAAGTTACGG,[350],1,44212,3
bc022,1120,407,CTCGCAAGTTACGG,[407],1,76482,3
bc085,114,78,CTGTGCGAGGTGCG,[78],1,18256,3
bc021,1313,419,TTAATGAAAGATGC,[419],1,82726,0
bc089,1339,102,CTGTGCGAGGTGCG,[102],1,17253,3
bc122,233,95,CTGTGCGAGGTGCG,[95],1,9445,3
bc028,1348,311,CTCGCAAGTTACGG,[311],1,58581,3
bc088,146,70,CTGTGCGAGGTGCG,[70],1,17821,3
bc130,74,48,CTCGCAAGTTACGG,[48],1,8861,3
bc082,331,98,CTGTGCGAGGTGCG,[98],1,19724,3
bc078,59,39,GGTTGGGTGATGTT,[39],1,20641,2
bc062,177,115,CTCGCAAGTTACGG,[115],1,29634,3
bc029,1167,249,CTGTGCGAGGTGCG,[249],1,57727,3
bc100,140,54,CTGTGCGAGGTGCG,[54],1,12746,3
bc141,42,36,CTCGCAAGTTACGG,[36],1,8251,3
bc083,632,184,CTCGCAAGTTACGG,[184],1,19432,3
bc101,141,75,CTGTGCGAGGTGCG,[75],1,12631,3
bc144,2206,48,"CTCGCAAGTTACGG,CTGTGCGAGGTGCG",[25 23],2,8055,3
bc037,930,327,CTCGCAAGTTACGG,[327],1,54003,3
bc137,402,29,CTGTGCGAGGTGCG,[29],1,8555,3
bc058,908,185,CTCGCAAGTTACGG,[185],1,31272,3
bc042,925,184,CTGTGCGAGGTGCG,[184],1,50183,3
bc018,1684,567,GGTTGGGTGATGTT,[567],1,90078,2
bc061,711,74,CTGTGCGAGGTGCG,[74],1,29755,3
bc131,1798,51,"CTGTGCGAGGTGCG,CTCGCAAGTTACGG",[27 24],2,8831,3
bc011,1801,852,CTCGCAAGTTACGG,[852],1,134876,3
bc105,1834,50,"CTGTGCGAGGTGCG,CTCGCAAGTTACGG",[29 21],2,11695,3
bc093,63,38,CTGTGCGAGGTGCG,[38],1,15840,3
bc108,140,59,CTCGCAAGTTACGG,[59],1,11200,3
bc112,1751,153,CTCGCAAGTTACGG,[153],1,10479,3
bc027,1043,448,CTCGCAAGTTACGG,[448],1,60562,3
bc115,144,71,CTCGCAAGTTACGG,[71],1,10181,3
bc056,662,107,CTGTGCGAGGTGCG,[107],1,34038,3
bc043,680,177,CTGTGCGAGGTGCG,[177],1,46019,3
bc055,1150,176,CTGTGCGAGGTGCG,[176],1,35241,3
bc099,96,54,CTGTGCGAGGTGCG,[54],1,13146,3
bc025,1258,393,CTGTGCGAGGTGCG,[393],1,70739,3
bc132,287,89,CTCGCAAGTTACGG,[89],1,8811,3
bc142,56,24,CTCGCAAGTTACGG,[24],1,8207,3
bc014,1713,820,CTCGCAAGTTACGG,[820],1,127236,3
bc104,1430,211,CTCGCAAGTTACGG,[211],1,11903,3
bc092,98,36,CTGTGCGAGGTGCG,[36],1,16122,3
bc024,818,292,CTGTGCGAGGTGCG,[292],1,72641,3
bc053,500,183,CTGTGCGAGGTGCG,[183],1,35599,3
bc063,948,195,CTCGCAAGTTACGG,[195],1,29092,3
bc004,2350,1346,CTGTGCGAGGTGCG,[1346],1,173869,3
bc109,1462,35,"CTGTGCGAGGTGCG,CTCGCAAGTTACGG",[20 15],2,10944,3
bc045,517,271,TTAATGAAAGATGC,[271],1,45709,0
bc133,47,40,CTCGCAAGTTACGG,[40],1,8743,3
bc125,1890,77,"GCTTGGGTGTAGAT,CTTCTAGTTGATCA",[43 34],2,9368,1
bc044,931,272,CTGTGCGAGGTGCG,[272],1,46009,3
bc117,1960,69,"CTCGCAAGTTACGG,CTGTGCGAGGTGCG",[36 33],2,9979,3
bc015,1825,425,CTGTGCGAGGTGCG,[425],1,114478,3
bc013,1511,888,CTCGCAAGTTACGG,[888],1,131955,3
bc009,2096,743,CTGTGCGAGGTGCG,[743],1,148465,3
bc086,97,67,CTGTGCGAGGTGCG,[67],1,18163,3
bc054,439,210,CTCGCAAGTTACGG,[210],1,35513,3
bc035,1783,330,CTGTGCGAGGTGCG,[330],1,54288,3
bc096,101,74,CTGTGCGAGGTGCG,[74],1,15661,3
bc049,457,214,CTGTGCGAGGTGCG,[214],1,41789,3
bc036,800,413,CTGTGCGAGGTGCG,[413],1,54198,3
bc007,2306,912,CTCGCAAGTTACGG,[912],1,157883,3
bc052,234,144,CTGTGCGAGGTGCG,[144],1,35700,3
bc094,403,87,CTGTGCGAGGTGCG,[87],1,15827,3
bc040,732,331,CTCGCAAGTTACGG,[331],1,51917,3
bc016,1093,362,TTAATGAAAGATGC,[362],1,101236,0
bc070,1540,104,CTGTGCGAGGTGCG,[104],1,25078,3
bc031,1161,413,CTCGCAAGTTACGG,[413],1,57198,3
bc073,1772,177,CTGTGCGAGGTGCG,[177],1,23173,3
bc090,456,56,CTCGCAAGTTACGG,[56],1,16759,3
bc134,1175,14,CTGTGCGAGGTGCG,[14],1,8725,3
bc124,1145,408,"CTTCTAGTTGATCA,GCTTGGGTGTAGAT",[237 171],2,9388,1
bc098,107,49,GGTTGGGTGATGTT,[49],1,13798,2
bc051,670,295,CTGTGCGAGGTGCG,[295],1,39218,3
bc041,934,344,CTCGCAAGTTACGG,[344],1,50201,3
bc064,277,155,GGTTGGGTGATGTT,[155],1,28597,2
bc087,376,150,CTCGCAAGTTACGG,[150],1,17942,3
bc075,220,52,CTGTGCGAGGTGCG,[52],1,21680,3
bc005,2143,695,CTGTGCGAGGTGCG,[695],1,163149,3
bc129,2408,85,"CTCGCAAGTTACGG,CTGTGCGAGGTGCG",[43 42],2,8874,3
bc030,547,325,CTCGCAAGTTACGG,[325],1,57654,3
bc065,433,100,CTGTGCGAGGTGCG,[100],1,28273,3
bc050,798,155,CTGTGCGAGGTGCG,[155],1,39672,3
bc026,850,220,CTGTGCGAGGTGCG,[220],1,61881,3
bc103,109,90,CTGTGCGAGGTGCG,[90],1,12326,3
bc023,814,464,CTCGCAAGTTACGG,[464],1,73167,3
bc032,765,235,CTGTGCGAGGTGCG,[235],1,57135,3
bc072,418,138,CTGTGCGAGGTGCG,[138],1,24615,3
